Parceiro1,1500.00,2025-02-04
Parceiro1,1500.00,2025-02-04
Parceiro1,1500.00,2025-02-04
Parceiro1,1500.00,2025-02-04
Parceiro1,1500.00,2025-02-04
Parceiro1,1500.00,2025-02-04
Parceiro1,1500.00,2025-02-04
Parceiro1,1500.00,2025-02-04
Parceiro1,1500.00,2025-02-04
Parceiro1,1500.00,2025-02-04
Parceiro1,1500.00,2025-02-04
Parceiro1,1500.00,2025-02-04
Parceiro1,1500.00,2025-02-04
Parceiro1,1500.00,2025-02-04
Parceiro1,1500.00,2025-02-04
Parceiro1,1500.00,2025-02-04
Parceiro1,1500.00,2025-02-04
Parceiro1,1500.00,2025-02-04
Parceiro1,1500.00,2025-02-04
Parceiro1,1500.00,2025-02-04
Parceiro1,1500.00,2025-02-04
Parceiro1,1500.00,2025-02-04
Parceiro1,1500.00,2025-02-04
Parceiro1,1500.00,2025-02-04
Parceiro1,1500.00,2025-02-04
Parceiro1,1500.00,2025-02-04
Parceiro1,1500.00,2025-02-04
Parceiro1,1500.00,2025-04-21
Parceiro1,1500.00,2025-04-21
Parceiro1,1500.00,2025-04-21
Parceiro1,1500.00,2025-04-21
Parceiro1,1500.00,2025-04-21
Parceiro1,1500.00,2025-04-21
Parceiro1,1500.00,2025-04-23
Parceiro1,1500.00,2025-04-25
Parceiro1,1500.00,2025-04-28
Parceiro1,1500.00,2025-04-28
