Parceiro1,1500.00,2025-02-04
Parceiro1,1500.00,2025-02-04
Parceiro1,1500.00,2025-02-04
Parceiro1,1500.00,2025-02-04
Parceiro1,1500.00,2025-02-04
Parceiro1,1500.00,2025-02-04
Parceiro1,1500.00,2025-02-04
Parceiro1,1500.00,2025-02-04
Parceiro1,1500.00,2025-02-04
Parceiro1,1500.00,2025-02-04
Parceiro1,1500.00,2025-02-04
Parceiro1,1500.00,2025-02-04
Parceiro1,1500.00,2025-02-04
Parceiro1,1500.00,2025-02-04
Parceiro1,1500.00,2025-02-04
Parceiro1,1500.00,2025-02-04
Parceiro1,1500.00,2025-02-04
Parceiro1,1500.00,2025-02-04
Parceiro1,1500.00,2025-02-04
Parceiro1,1500.00,2025-02-04
Parceiro1,1500.00,2025-02-04
Parceiro1,1500.00,2025-02-04
Parceiro1,1500.00,2025-02-04
